activity_id,assoc_files,institution_id,member_id,realm,variable_id,table_id,source_id,source_type,cell_methods,cell_measures,experiment_id,variant_label,grid_label,units,time_range,chunk_freq,standard_name,long_name,frequency,file_name,path
CMIP,,,,atmos,hfls,,,,time: point,area: area,,,,W m-2,19790101:060000-19840101:000000,,surface_upward_latent_heat_flux,Surface Upward Latent Heat Flux,6hr,,/huracan/tank4/cornell/GCM/mdtf/inputdata/model/GFDL.CM4.AMIP.1979010100-1983123123/6hr/GFDL.CM4.AMIP.1979010100-1983123123.hfls.6hr.nc
CMIP,,,,atmos,hfss,,,,time: point,area: area,,,,W m-2,19790101:060000-19840101:000000,,surface_upward_sensible_heat_flux,Surface Upward Sensible Heat Flux,6hr,,/huracan/tank4/cornell/GCM/mdtf/inputdata/model/GFDL.CM4.AMIP.1979010100-1983123123/6hr/GFDL.CM4.AMIP.1979010100-1983123123.hfss.6hr.nc
CMIP,,,,atmos,hus,,,,time: point,area: area,,,,1.0,19790101:060000-19840101:000000,,specific_humidity,Specific Humidity,6hr,,/huracan/tank4/cornell/GCM/mdtf/inputdata/model/GFDL.CM4.AMIP.1979010100-1983123123/6hr/GFDL.CM4.AMIP.1979010100-1983123123.hus.6hr.nc
CMIP,,,,atmos,prw,,,,time: point,area: area,,,,kg m-2,19790101:060000-19840101:000000,,atmosphere_water_vapor_content,Water Vapor Path,6hr,,/huracan/tank4/cornell/GCM/mdtf/inputdata/model/GFDL.CM4.AMIP.1979010100-1983123123/6hr/GFDL.CM4.AMIP.1979010100-1983123123.prw.6hr.nc
CMIP,,,,atmos,ps,,,,time: point,area: area,,,,Pa,19790101:060000-19840101:000000,,surface_air_pressure,Surface Air Pressure,6hr,,/huracan/tank4/cornell/GCM/mdtf/inputdata/model/GFDL.CM4.AMIP.1979010100-1983123123/6hr/GFDL.CM4.AMIP.1979010100-1983123123.ps.6hr.nc
CMIP,,,,atmos,rlds,,,,time: point,area: area,,,,W m-2,19790101:060000-19840101:000000,,surface_downwelling_longwave_flux_in_air,Surface Downwelling Longwave Radiation,6hr,,/huracan/tank4/cornell/GCM/mdtf/inputdata/model/GFDL.CM4.AMIP.1979010100-1983123123/6hr/GFDL.CM4.AMIP.1979010100-1983123123.rlds.6hr.nc
CMIP,,,,atmos,rldscs,,,,time: point,area: area,,,,W m-2,19790101:060000-19840101:000000,,surface_downwelling_longwave_flux_in_air_assuming_clear_sky,Surface Downwelling Clear-Sky Longwave Radiation,6hr,,/huracan/tank4/cornell/GCM/mdtf/inputdata/model/GFDL.CM4.AMIP.1979010100-1983123123/6hr/GFDL.CM4.AMIP.1979010100-1983123123.rldscs.6hr.nc
CMIP,,,,atmos,rlus,,,,time: point,area: area,,,,W m-2,19790101:060000-19840101:000000,,surface_upwelling_longwave_flux_in_air,Surface Upwelling Longwave Radiation,6hr,,/huracan/tank4/cornell/GCM/mdtf/inputdata/model/GFDL.CM4.AMIP.1979010100-1983123123/6hr/GFDL.CM4.AMIP.1979010100-1983123123.rlus.6hr.nc
CMIP,,,,atmos,rlut,,,,time: point,area: area,,,,W m-2,19790101:060000-19840101:000000,,toa_outgoing_longwave_flux,TOA Outgoing Longwave Radiation,6hr,,/huracan/tank4/cornell/GCM/mdtf/inputdata/model/GFDL.CM4.AMIP.1979010100-1983123123/6hr/GFDL.CM4.AMIP.1979010100-1983123123.rlut.6hr.nc
CMIP,,,,atmos,rlutcs,,,,time: point,area: area,,,,W m-2,19790101:060000-19840101:000000,,toa_outgoing_longwave_flux_assuming_clear_sky,TOA Outgoing Clear-Sky Longwave Radiation,6hr,,/huracan/tank4/cornell/GCM/mdtf/inputdata/model/GFDL.CM4.AMIP.1979010100-1983123123/6hr/GFDL.CM4.AMIP.1979010100-1983123123.rlutcs.6hr.nc
CMIP,,,,atmos,rsds,,,,time: point,area: area,,,,W m-2,19790101:060000-19840101:000000,,surface_downwelling_shortwave_flux_in_air,Surface Downwelling Shortwave Radiation,6hr,,/huracan/tank4/cornell/GCM/mdtf/inputdata/model/GFDL.CM4.AMIP.1979010100-1983123123/6hr/GFDL.CM4.AMIP.1979010100-1983123123.rsds.6hr.nc
CMIP,,,,atmos,rsdscs,,,,time: point,area: area,,,,W m-2,19790101:060000-19840101:000000,,surface_downwelling_shortwave_flux_in_air_assuming_clear_sky,Surface Downwelling Clear-Sky Shortwave Radiation,6hr,,/huracan/tank4/cornell/GCM/mdtf/inputdata/model/GFDL.CM4.AMIP.1979010100-1983123123/6hr/GFDL.CM4.AMIP.1979010100-1983123123.rsdscs.6hr.nc
CMIP,,,,atmos,rsdt,,,,time: point,area: area,,,,W m-2,19790101:060000-19840101:000000,,toa_incoming_shortwave_flux,TOA Incident Shortwave Radiation,6hr,,/huracan/tank4/cornell/GCM/mdtf/inputdata/model/GFDL.CM4.AMIP.1979010100-1983123123/6hr/GFDL.CM4.AMIP.1979010100-1983123123.rsdt.6hr.nc
CMIP,,,,atmos,rsus,,,,time: point,area: area,,,,W m-2,19790101:060000-19840101:000000,,surface_upwelling_shortwave_flux_in_air,Surface Upwelling Shortwave Radiation,6hr,,/huracan/tank4/cornell/GCM/mdtf/inputdata/model/GFDL.CM4.AMIP.1979010100-1983123123/6hr/GFDL.CM4.AMIP.1979010100-1983123123.rsus.6hr.nc
CMIP,,,,atmos,rsuscs,,,,time: point,area: area,,,,W m-2,19790101:060000-19840101:000000,,surface_upwelling_shortwave_flux_in_air_assuming_clear_sky,Surface Upwelling Clear-Sky Shortwave Radiation,6hr,,/huracan/tank4/cornell/GCM/mdtf/inputdata/model/GFDL.CM4.AMIP.1979010100-1983123123/6hr/GFDL.CM4.AMIP.1979010100-1983123123.rsuscs.6hr.nc
CMIP,,,,atmos,rsut,,,,time: point,area: area,,,,W m-2,19790101:060000-19840101:000000,,toa_outgoing_shortwave_flux,TOA Outgoing Shortwave Radiation,6hr,,/huracan/tank4/cornell/GCM/mdtf/inputdata/model/GFDL.CM4.AMIP.1979010100-1983123123/6hr/GFDL.CM4.AMIP.1979010100-1983123123.rsut.6hr.nc
CMIP,,,,atmos,rsutcs,,,,time: point,area: area,,,,W m-2,19790101:060000-19840101:000000,,toa_outgoing_shortwave_flux_assuming_clear_sky,TOA Outgoing Clear-Sky Shortwave Radiation,6hr,,/huracan/tank4/cornell/GCM/mdtf/inputdata/model/GFDL.CM4.AMIP.1979010100-1983123123/6hr/GFDL.CM4.AMIP.1979010100-1983123123.rsutcs.6hr.nc
CMIP,,,,atmos,slp,,,,time: point,,,,,pa,19790101:060000-19840101:000000,,air_pressure_at_mean_sea_level,sea level pressure,6hr,,/huracan/tank4/cornell/GCM/mdtf/inputdata/model/GFDL.CM4.AMIP.1979010100-1983123123/6hr/GFDL.CM4.AMIP.1979010100-1983123123.slp.6hr.nc
CMIP,,,,atmos,ta,,,,time: point,area: area,,,,K,19790101:060000-19840101:000000,,air_temperature,Air Temperature,6hr,,/huracan/tank4/cornell/GCM/mdtf/inputdata/model/GFDL.CM4.AMIP.1979010100-1983123123/6hr/GFDL.CM4.AMIP.1979010100-1983123123.ta.6hr.nc
CMIP,,,,,tm,,,,time: point,,,,,K,19790101:060000-19840101:000000,,,mean 300-500 mb temp,6hr,,/huracan/tank4/cornell/GCM/mdtf/inputdata/model/GFDL.CM4.AMIP.1979010100-1983123123/6hr/GFDL.CM4.AMIP.1979010100-1983123123.tm.6hr.nc
CMIP,,,,atmos,u_ref,,,,time: point,,,,,m/s,19790101:060000-19840101:000000,,eastward_wind,zonal wind component at 10 m,6hr,,/huracan/tank4/cornell/GCM/mdtf/inputdata/model/GFDL.CM4.AMIP.1979010100-1983123123/6hr/GFDL.CM4.AMIP.1979010100-1983123123.u_ref.6hr.nc
CMIP,,,,atmos,v_ref,,,,time: point,,,,,m/s,19790101:060000-19840101:000000,,northward_wind,meridional wind component at 10 m,6hr,,/huracan/tank4/cornell/GCM/mdtf/inputdata/model/GFDL.CM4.AMIP.1979010100-1983123123/6hr/GFDL.CM4.AMIP.1979010100-1983123123.v_ref.6hr.nc
CMIP,,,,,vort850,,,,time: point,,,,,1/s,19790101:060000-19840101:000000,,,850-mb vorticity,6hr,,/huracan/tank4/cornell/GCM/mdtf/inputdata/model/GFDL.CM4.AMIP.1979010100-1983123123/6hr/GFDL.CM4.AMIP.1979010100-1983123123.vort850.6hr.nc
CMIP,,,,atmos,zg,,,,time: point,area: area,,,,m,19790101:060000-19840101:000000,,geopotential_height,Geopotential Height,6hr,,/huracan/tank4/cornell/GCM/mdtf/inputdata/model/GFDL.CM4.AMIP.1979010100-1983123123/6hr/GFDL.CM4.AMIP.1979010100-1983123123.zg.6hr.nc
